{
  "meta": {
    "example": "GeoLift Walkthrough: locations=c(chicago,portland), t=91..105",
    "augsynth_commit": "06415b4 (pre-PR#88)",
    "doc_expected": {
      "percent_lift": 5.4,
      "incremental": 4667,
      "att_per_day": 155.556,
      "pvalue_approx": 0.01
    }
  },
  "None": {
    "ATT": 155.5559277052,
    "percent_lift": 5.4,
    "pvalue": 0.015,
    "lower_conf_int": null,
    "upper_conf_int": null,
    "incremental": 4666.6778311567,
    "l2_imbalance": 909.4885695419,
    "scaled_l2_imbalance": 0.16363942712,
    "treatment_start": 91,
    "treatment_end": 105,
    "progfunc": "none",
    "weights": [1.2620596475e-09, 0.046525081624, 6.9614092994e-10, 0.13353726152, 2.5669192265e-09, 0.22717783722, 2.1899025842e-09, 2.2312700508e-09, 0.073922934682, 6.5587185143e-10, 6.7036497847e-10, 0.067260327792, 0.0045705819423, 7.4436703465e-10, 1.1992317143e-09, 1.6926820569e-09, 1.7868059583e-09, 4.5760049791e-10, 5.6201290896e-10, 0.20276974724, 3.5369627704e-09, 0.089980145682, 0.068531702002, 2.5289385461e-09, 0.0046379758285, 1.0958612019e-09, 9.0768883241e-10, 8.0442660554e-10, 1.6739941573e-09, 8.1159173171e-10, 0.030626998569, 9.6355136798e-10, 2.4163913036e-09, 0.0053862478043, 0.045073125564, 4.9263533925e-10, 4.2420053621e-10, 1.6219708989e-10],
    "y_hat": [2678.6448033837, 2987.1509673576, 3747.9368231534, 2766.4782459255, 2351.3540808356, 2489.1681655226, 2635.2248162885, 2854.6403211943, 3257.9366242259, 4279.0305721343, 3187.2809174243, 2826.4185481621, 2759.9622156235, 2577.7521149792, 2552.0621926284, 2883.5688219797, 3786.8028982728, 2951.7629533842, 2654.8616961291, 2526.8928229713, 2423.7514071918, 2593.0633446032, 3260.5617927337, 4280.1482621615, 3471.542402771, 2923.7110710614, 2694.4685983183, 2617.9377012746, 2977.2942536364, 3004.6049283107, 4101.8695450727, 3070.2810075159, 2447.3968628061, 2307.7478856002, 2215.2725809115, 2315.4179899953, 2824.7466821951, 3960.4384070667, 3133.6480634689, 2764.8022874605, 2768.7968443813, 2731.8221722765, 2705.5392565401, 2988.8828501453, 4002.5459127054, 3080.8032986037, 2500.9575943523, 2392.0623723078, 2203.8894076348, 2364.1011378976, 2743.9008227578, 3881.4270646564, 2999.2586786742, 2662.2951406867, 2826.9374833788, 3011.0513878205, 2677.0265787053, 3028.4318503717, 4161.7415698177, 3151.8342735816, 2573.1035792625, 2355.6655900585, 2257.8227325638, 2337.3990374911, 2780.4951127079, 3744.9289713076, 2864.2050430771, 2317.7951241333, 2284.1124696756, 2694.9751138922, 2838.825137745, 3213.9594493373, 4403.0756873388, 3186.3710136051, 2582.0426855145, 2441.5459241489, 2442.783771227, 2429.8376642726, 2861.3034760004, 3863.0090298757, 2910.4557200905, 2344.0327700568, 2270.1232091842, 2403.1608363266, 2938.1695318926, 3326.8614188143, 4272.1234181395, 3233.7919760715, 2654.57109284, 2649.512040322, 2418.1899121714, 2440.3113160068, 2798.9719828679, 3918.6040881412, 3027.4855908961, 2316.1772401328, 2247.8575730784, 2310.4958557089, 2668.5503845883, 3298.8691714129, 4257.2329348922, 3178.6273401102, 2830.5872690609, 2666.2725195343, 2646.9279058194],
    "att_series": [89.8551966163, -125.6509673576, -58.9368231534, -4.4782459255, 242.1459191644, -1.6681655226, 64.7751837115, -142.6403211943, -143.9366242259, 39.9694278657, -18.7809174243, -16.9185481621, 84.0377843765, 197.7478850208, 202.4378073716, 125.4311780203, 99.1971017272, -127.2629533842, 146.1383038709, -145.8928229713, -47.2514071918, -58.0633446032, -30.5617927337, 196.8517378385, -184.042402771, 0.78892893855, -11.9685983183, -190.4377012746, -9.2942536364, 37.8950716893, -4.3695450727, 83.7189924841, -14.3968628061, -9.2478856002, -0.27258091145, 45.5820100047, 2.7533178049, -70.9384070667, 17.8519365311, 129.6977125395, -212.2968443813, 33.6778277235, -35.0392565401, 82.1171498547, -29.0459127054, -116.3032986037, 72.5424056477, -72.0623723078, -42.3894076348, 156.8988621024, -24.9008227578, 105.0729353436, 65.7413213258, 62.7048593133, -22.4374833788, 82.9486121795, -77.0265787053, 1.0681496283, 64.2584301823, -24.3342735816, 84.8964207375, 31.8344099415, 41.1772674362, -20.3990374911, -256.9951127079, -48.4289713076, -188.2050430771, -112.2951241333, -55.6124696756, -69.9751138922, 31.674862255, 61.0405506627, -120.5756873388, 34.1289863949, 125.4573144855, -36.0459241489, 29.216228773, -12.3376642726, -22.8034760004, -51.5090298757, 84.0442799095, 101.9672299432, 76.8767908158, -24.6608363266, 27.3304681074, -89.3614188143, -103.6234181395, 22.7080239285, 69.42890716, -70.012040322, 108.8100878286, -64.8113160068, -95.9719828679, -218.6040881412, 61.5144091039, -9.1772401328, 340.6424269216, 406.0041442911, 248.9496154117, 254.1308285871, 371.2670651078, 406.8726598898, 280.9127309391, 224.7274804657, 18.0720941806]
  },
  "best": {
    "ATT": 156.8054055317,
    "percent_lift": 5.5,
    "pvalue": 0.009,
    "lower_conf_int": null,
    "upper_conf_int": null,
    "incremental": 4704.1621659501,
    "l2_imbalance": 903.5246873044,
    "scaled_l2_imbalance": 0.1625663776,
    "treatment_start": 91,
    "treatment_end": 105,
    "progfunc": "ridge",
    "weights": [0.00026486549276, 0.04668240858, 5.3309438014e-05, 0.13365790841, -0.00042818951837, 0.22730579207, -1.3970381462e-05, 8.2564779306e-05, 0.074115891435, 0.00013513925388, 0.00010682905868, 0.0674044038, 0.0048122261197, 0.00011500085787, -9.7477965042e-05, -0.0001209183642, 4.4954539334e-05, 0.00022226001158, -0.00020428404036, 0.20293340011, -0.00022359185588, 0.090122337109, 0.068725888028, -0.0001909189837, 0.0047932305725, -0.00096521214585, -0.00066828475801, 0.00011916277208, -0.00035502639264, 4.0454716467e-05, 0.030821371192, 0.00017722959195, -0.00032763347352, 0.0055995774008, 0.045220616228, 0.00014120710486, -0.00013275550205, 3.0234715044e-05],
    "y_hat": [2680.9517472665, 2986.5327483921, 3741.9538739525, 2759.7121412791, 2355.2465722029, 2492.5477840779, 2639.0417838174, 2856.3706833898, 3257.1372860585, 4273.0970452475, 3180.583388188, 2829.9337513644, 2763.547467319, 2581.0007628942, 2554.4684537593, 2883.8886941393, 3781.6769286418, 2945.4985188549, 2660.2899402263, 2531.399487393, 2427.5085707558, 2595.3762567241, 3260.2215390495, 4273.5746844167, 3462.8110722532, 2927.4661246779, 2698.5341419801, 2621.6782316811, 2979.4761686504, 3005.5559161166, 4094.1883502765, 3062.7875860667, 2452.2173387001, 2312.2122215573, 2219.8258086894, 2319.1476417815, 2823.9299155638, 3953.1151759563, 3126.4315562179, 2769.6937339757, 2772.2058496679, 2735.9080057288, 2708.6522518616, 2988.9298018212, 3996.9281370743, 3076.4145032458, 2505.6809438686, 2396.5497339287, 2208.0565605546, 2367.6907911996, 2744.5074106498, 3874.4049945052, 2992.0913890335, 2665.6971608895, 2830.5881193194, 3011.3608042841, 2680.9348141525, 3029.1436912145, 4154.7824222207, 3145.1773803726, 2578.1350882732, 2360.4646298696, 2262.7166897268, 2341.4391508828, 2780.2144360391, 3737.0271208015, 2856.6322614345, 2322.4217393057, 2288.7483006557, 2698.6273815972, 2841.0487083192, 3212.7399010994, 4393.6102002165, 3179.0987324093, 2586.4216334865, 2444.7620957611, 2446.203115711, 2433.0086726943, 2860.562032601, 3854.3365081536, 2902.7362688945, 2348.971123916, 2274.8561481993, 2407.0804096618, 2939.792392239, 3325.1302744044, 4262.7958483451, 3225.2905146708, 2658.7959418973, 2652.9968195859, 2422.3544403209, 2442.8150866553, 2797.7048934562, 3908.3497650834, 3018.3440653584, 2317.2354039806, 2249.2682430944, 2313.4629625479, 2670.3520949622, 3296.339336966, 4247.9403467038, 3169.9193795983, 2832.013656531, 2669.9209446578, 2650.3982971089],