"location","pvalue","duration","EffectSize","treatment_start","Investment","cpic","ScaledL2Imbalance","att_estimator","detected_lift","power"
"chicago, portland",0.478,15,0,76,0,7.5,0.173877792816681,3.05708964624646,0.00106650986670765,0
"chicago, portland",0,15,0.05,76,32281.875,7.5,0.173877792816681,146.532089646246,0.051119835360043,1
"chicago, portland",0,15,0.1,76,64563.75,7.5,0.173877792816681,290.007089646246,0.101173160853378,1
"chicago, portland",0,15,0.15,76,96845.625,7.5,0.173877792816681,433.482089646246,0.151226486346714,1
