{
  "none": {
    "model": "none",
    "resids": [53.464507589276, -125.390200208712, -122.627071975104, -86.486706362721, 247.282049271699, -63.243034275619, 46.667435913843, -187.895932896685, -174.039425763477, -5.11763916981, -124.132580198555, -14.367198810452, 78.423691778336, 204.318007549195, 215.421275624925, 137.319024790574, 59.247916486778, -197.548328329366, 134.68163963327, -151.121078346418, -89.228022731197, -74.839619963256, -12.78674652163, 166.731998007674, -192.555238757553, 16.736102270536, 0.8306306881409, -183.921673351081, 0.7864501576673, 52.395080246391, -21.240555273323, 47.922320505596, 11.515453351727, 3.392453745702, 21.440773658156, 63.183422683595, 29.51997963043, -87.421468249744, -8.738299087236, 142.282294301515, -220.593563263802, 49.57733460738, -47.936056407689, 66.490441523541, -22.166715395809, -68.792528558864, 67.644841981941, -93.869860636543, -42.82032677691, 133.839801137878, -48.940438975345, 92.234888474925, 28.324643847036, 67.52265361253, -11.575279724412, 130.007725199253, -39.373986313708, -20.044405351558, 132.561844721967, 34.915468215156, 98.484375399926, 36.41281285776, 53.134287268736, -18.062458994075, -270.526362916451, -20.437983699411, -180.750017129834, -94.376527315115, -45.429222517691, -17.424169163533, 42.720299842973, 58.086960068454, -67.549337086746, 7.432382302933, 147.416813837822, -15.854928638093, 52.969988460255, -22.813815122431, -81.243809293549, -33.767800712318, 76.014842937125, 121.917219983539, 50.871251121908, -51.068944375919, 0.3733469703648, -118.606142648778, -86.472968980737, -63.544267988549, 53.881089035694, -120.969992935696, 79.220497794046, -125.012971965394, -134.160168579531, -274.067246717808, -6.516120524517, -65.448191828605, 215.334876411308, 256.354318060544, 100.723648924666, 69.095848429719, -6.439498343919, 99.419512513156, 251.946547266065, 123.315369896527, -72.451511434862],
    "obs_stat": 1879.506328690666,
    "t0": 90,
    "post_length": 15
  },
  "ridge": {
    "model": "ridge",
    "resids": [48.573524401336, -123.851071786458, -108.207033685369, -67.116316908522, 241.270468932323, -69.579753695575, 39.183206303993, -192.258981203268, -172.378183015815, 9.001823889389, -110.06541089219, -22.228314985765, 70.610704557725, 197.429789845713, 209.759113468994, 136.27888757193, 70.054604528407, -184.253919425525, 123.269662250713, -160.814754161147, -97.032607801128, -80.251702677802, -13.530477693122, 180.747220184778, -173.55954168976, 9.628629714276, -7.893029509015, -192.154008058581, -2.907797456392, 50.439717052403, -4.701235418572, 63.716021147746, 2.373280839434, -5.408127490759, 12.355798365107, 55.417567025407, 31.242897947697, -71.784234751216, 7.038089729446, 132.313027975249, -228.437905181037, 41.368185268798, -54.796694061545, 66.199916085701, -10.870499859466, -61.539969820664, 57.499503243827, -103.00553940322, -51.846879260636, 125.341185265591, -51.129135328858, 105.850788100174, 42.402377100579, 60.109575496369, -19.413493876405, 128.191850415435, -47.900285149514, -22.068198240469, 146.41578782942, 48.70165722999, 88.329971332271, 26.632382934974, 43.411533666124, -26.379445428954, -270.402006966194, -4.6676780341, -165.328993582564, -104.05665334458, -55.595719319776, -25.485706818295, 36.587908649314, 59.315253139619, -49.858403383151, 20.896853890018, 138.595385684266, -23.343584493351, 45.342581570172, -29.533945957282, -80.364057021719, -16.248680862223, 91.923230424701, 111.974270328576, 41.524041458691, -59.321089883001, -3.558952346612, -114.900416217977, -67.387389084131, -45.876037401109, 45.753358877076, -128.250751695828, 71.032101034172, -130.285957123633, -131.487561117839, -252.495977588791, 12.567314610112, -68.909488489291, 210.511779160075, 247.541674313843, 94.172347968269, 70.714600338843, 3.740625159932, 109.075944439188, 247.947509311565, 114.611937887037, -80.263869298572],
    "obs_stat": 1845.358687841162,
    "t0": 90,
    "post_length": 15
  },
  "note": "Deterministic full-series-refit ATT residuals; H0 ATT=0."
}
