{
  "worst_deterministic_abs_diff": {
    "d_att": 4.7478465603489894e-11,
    "d_l2": 2.5626167854397863e-12,
    "d_resid": 5.0111026439481066e-11,
    "d_obs": 4.718003765447065e-11
  },
  "cells": [
    {
      "cell": 0,
      "es": 0,
      "n_treated": 2,
      "d_att": 3.1114000265120012e-12,
      "d_l2": 2.0805579481475434e-13,
      "d_resid": 4.9976023319686647e-11,
      "d_obs": 4.718003765447065e-11,
      "py_pval": 0.127,
      "r_pval": 0.122,
      "d_pval": 0.0050000000000000044
    },
    {
      "cell": 1,
      "es": 0.1,
      "n_treated": 2,
      "d_att": 4.7478465603489894e-11,
      "d_l2": 2.0805579481475434e-13,
      "d_resid": 4.993694346921984e-11,
      "d_obs": 5.5706550483591855e-12,
      "py_pval": 0.0,
      "r_pval": 0,
      "d_pval": 0.0
    },
    {
      "cell": 2,
      "es": -0.05,
      "n_treated": 2,
      "d_att": 2.4137136733770603e-11,
      "d_l2": 2.0805579481475434e-13,
      "d_resid": 5.007727565953246e-11,
      "d_obs": 1.7394086171407253e-11,
      "py_pval": 0.0,
      "r_pval": 0,
      "d_pval": 0.0
    },
    {
      "cell": 3,
      "es": 0.1,
      "n_treated": 2,
      "d_att": 2.8556712550198426e-11,
      "d_l2": 2.5626167854397863e-12,
      "d_resid": 5.0111026439481066e-11,
      "d_obs": 2.8535396268125623e-11,
      "py_pval": 0.0,
      "r_pval": 0,
      "d_pval": 0.0
    }
  ],
  "deterministic_pass_1e_5": true
}