{
  "setup": {
    "seed": 42,
    "n_markets": 24,
    "tp": 14,
    "effect_sizes": [-0.1, -0.05, 0, 0.05, 0.1],
    "ns": 1000,
    "N": 2,
    "alpha": 0.1,
    "side_of_test": "two_sided",
    "conformal_type": "iid",
    "model": "none",
    "fixed_effects": true,
    "max_time": 220
  },
  "cells": [
    {
      "locations": ["market_001", "market_017"],
      "tp": 14,
      "es": 0,
      "treatment_start": 207,
      "weights": [-2.1697923718e-17, -5.4887990953e-16, -2.1900254954e-16, -1.297969879e-15, -7.7026748559e-16, 0.033295165525, 0.054485874544, -4.2377521927e-16, 0.07139690584, -8.4251493628e-16, 0.26771054464, -9.572952483e-17, -6.0893232446e-16, -7.3166055863e-16, -6.6701353635e-16, -8.2988582027e-16, 0.12754275622, 1.3566358118e-16, -6.2894960635e-16, 0.026329730602, 0.17396071499, 0.24527830764],
      "donor_units": {},
      "att_estimator": 0.60996666403,
      "scaled_l2_imbalance": 0.62803287995,
      "t0": 206,
      "tpost": 220,
      "post_length": 14,
      "resids": [3.3034104753, -16.4186802561, -24.0618609354, 0.86604201524, 9.2861198179, -16.2295516303, -2.357824269, -11.24992893, -7.0894336123, 18.6499458568, 2.8303607442, 8.1801278346, -34.9252061023, -6.0003744378, -15.0611002172, -17.3463030444, 20.8474319029, 6.9760150444, -2.5344959503, 21.003491046, -3.8163154109, -11.1224333301, -2.8942990333, -0.63525756035, -0.5431870836, -10.4366061761, -19.066972534, -18.4109216874, -6.1134249395, 24.4803248459, -13.6624358041, -2.571102962, 15.2776163101, 21.9378816104, 10.1198622129, -16.6692068598, -8.5476556014, 4.4002123097, -5.7308622161, -1.986735545, -14.2399107249, -15.6941837787, -15.1441700506, -11.8660355561, -20.4166050401, -23.4482156856, 7.2986390537, 9.3004892762, 4.5155803847, 19.7574824958, -34.6190016784, -27.8630790449, -37.8074481467, 9.9594264222, -12.8373234655, -20.8275714746, -3.5596031543, -5.8323411405, -22.9067325393, -40.7807300515, -10.2863099189, -12.355408879, -10.2061442743, -3.2846143257, 11.6027701162, 13.6195160417, 9.1096584958, 23.3250458235, 1.8373350913, 19.5879687111, 6.7104026204, 3.5069899623, 16.1407056732, 19.2378244328, 1.9837870192, -13.0003378086, 0.46541159351, -3.6915566936, 31.0113978856, -26.3299993181, 4.6410707877, -13.1453475596, 10.5795138305, -20.8000905048, -21.3016907466, -15.8462045805, 7.5007769072, 1.258276228, 18.7498739306, -19.840410035, -19.2530225905, -4.3501675777, 26.2504090424, -1.1011989418, 14.9243750406, 0.053007053095, 5.447462106, 9.9931173087, 16.1655392473, 3.1241537417, 15.6946942989, 11.0620893456, 9.6119227654, -3.0465042205, -7.9628649939, -12.1030392002, 9.4061405392, -15.43015203, 4.4226413989, 39.6896618152, 33.6875379465, 8.5909937257, -2.2746451766, -16.9600885509, 10.6283695941, 35.3831454184, 28.8246055287, 9.898513135, -2.3849553395, 37.038438463, 9.3488724782, 17.6282263864, 6.3715512638, 3.6367485197, 7.9241958687, -10.0267012699, -19.6200069799, 8.3699302088, -38.7519525281, 5.233248154, 31.874070977, -13.0096721813, -13.2701301915, 11.0895446321, -22.9914159552, -17.1850134339, 28.2507948633, -21.2485057945, 9.1101612471, 3.588885347, -14.638754587, 1.9944563703, -25.6503670306, -23.4583901953, 21.4961796519, 7.3544634749, 19.4954207915, -1.7540101582, 0.18390876054, 0.53042680487, -2.2543137918, -5.7718145081, 6.3652386563, -11.2654844575, -9.2784122415, -9.1084633183, 20.4510496133, -16.0776829042, -27.408532608, 5.2090695971, 1.320843626, 7.1655346657, 22.8745155162, 7.3517811202, -10.2039793082, -6.3082144661, 12.0307705523, 1.2173632008, -15.427833557, -1.7684796244, -5.497044928, 0.64084162004, 6.9997682923, -0.70071382461, -4.4646742134, -10.4433136532, -41.3062912426, 21.507192273, 6.3210761879, -23.3000852517, 25.5997453552, 10.2193240837, 7.0874557878, 11.886011493, -2.136805382, 7.8305855652, 14.5273739887, -1.7404372765, 4.1859350537, 20.361673737, 17.4899948498, 6.6214348446, -8.6830661465, 21.4678074116, 3.5519461103, 2.5485031258, -23.5833144626, 28.463344489, 2.8137319962, 22.791761675, -10.2985035512, 9.1512003142, 4.2909002983, 9.5139554964, 15.2775694011, -9.58602962, 7.8624571604, 13.3799572682, 5.3304532113, -3.191278701, -16.6663196379, -21.599297874, 23.1672763922, -46.6317016667, 16.7903152907, 9.302639763, 20.7658935913, -6.0918758693, -12.388283782, 18.0960683019],
      "obs_stat": 221.2638185101,
      "pvalue_seed42": 0.122
    },
    {
      "locations": ["market_001", "market_017"],
      "tp": 14,
      "es": 0.1,
      "treatment_start": 207,
      "weights": [-2.1697923718e-17, -5.4887990953e-16, -2.1900254954e-16, -1.297969879e-15, -7.7026748559e-16, 0.033295165525, 0.054485874544, -4.2377521927e-16, 0.07139690584, -8.4251493628e-16, 0.26771054464, -9.572952483e-17, -6.0893232446e-16, -7.3166055863e-16, -6.6701353635e-16, -8.2988582027e-16, 0.12754275622, 1.3566358118e-16, -6.2894960635e-16, 0.026329730602, 0.17396071499, 0.24527830764],
      "donor_units": {},
      "att_estimator": 79.5956809497,
      "scaled_l2_imbalance": 0.62803287995,
      "t0": 206,
      "tpost": 220,
      "post_length": 14,